Stiffness,Damping,Gravity,Body Size
0.015300000000000001,0.000153,50.01,0.151
